domain,type,oxytocin_pages_verified_in_index,notes,threat_to_niche_site
oxytocinbio.com,Claimed pure-play oxytocin site,NOT FOUND,Zero hits for the domain or brand name across multiple searches while a dozen peptide dosing sites surface fine. Treat the earlier AI's 63-page launch description as unverified until you open the site in your own browser.,Unknown
peptidemind.com,Peptide guide site,Yes (/peptides/oxytocin; updated Aug 2026),Dosage guide; benefits; side effects,Medium on dosing queries
peptidewiki.co,Peptide guide site,Yes (oxytocin dosage guide),Intranasal protocols and social effects,Medium on dosing queries
peptidedosingprotocols.com,Peptide guide site,Yes (/protocol/oxytocin; 2026),Routes; reconstitution; safety,Medium on dosing queries
peptidedojo.com,Peptide guide site,Yes (oxytocin dosing guide),Research protocol framing,Low-medium
peptidedosing.org,Peptide guide site,Yes (/peptides/oxytocin),Dosing and protocols,Low-medium
peptideprotocolwiki.com,Peptide guide site,Yes (/peptides/oxytocin and /dosing),24 IU and pre-therapy 20-40 IU dosing summaries,Low-medium
thepeptidecatalog.com,Vendor-comparison site,Yes (oxytocin buying guide 2026),Price and vendor guide,Medium on buy queries
compoundingfinder.com,Programmatic compounding directory,Yes (cost guide + per-state oxytocin pages),State-by-state programmatic pages for oxytocin; signals the buy/cost space is being carpet-bombed,High on cost/buy queries
nationwidecompounding.com,Compounding pharmacy content,Yes (2026 evidence guide),Pharmacy-authored evidence guide,Low-medium
joinmochi.com,Telehealth (GLP-1 first),Yes (blog: oxytocin nasal spray benefits/side effects),Funnels to provider evaluation,Medium
trimrx.com,Telehealth (GLP-1 first),Yes (PT-141 vs oxytocin; taking together; best sexual-wellness providers 2026),Sexual-wellness framing; admits thin standalone data,Medium
gethealthspan.com,Telehealth / longevity,Yes (/treatments/oxytocin; nasal spray alternative page),Stress, heart health, longevity framing; ~$135/mo,Medium
pushhealth.com,Telehealth marketplace,Yes (/drugs/oxytocin),Ranks for prescription-online intent,High on prescription queries
getheally.com,Telehealth marketplace,Yes (oxytocin prescription page),Program from $115,High on prescription queries
tryinvigor.com,Telehealth,Yes (buy oxytocin nasal spray plan page),Direct buy intent,Medium
defiance-health.com,Telehealth,Yes (store page; $195/mo),Direct buy intent,Low-medium
costplustrt.com,Telehealth / TRT,Yes (peptide therapy oxytocin),Direct buy intent,Low
bayviewrx.com,Compounding pharmacy,Yes (oxytocin nasal spray and troche; from $118 per 10 mL),Pharmacy formulation page,Low-medium
empowerpharmacy.com,Compounding pharmacy,Yes (compounded oxytocin nasal spray product page),Widely cited pharmacy page,Medium (authority)
kare-rx.com,Pharmacy,Yes,Product page,Low
formblends.com,Compounding marketplace,Yes (oxytocin nasal Rx; $206/mo plan),Direct buy intent,Low
outliyr.com,Biohacking publisher,Yes (oxytocin report and shop),Affiliate-style report,Low-medium
ubiehealth.com,AI symptom-content publisher,Yes (multiple low-oxytocin symptom pages),Programmatic symptom pages already occupying 'low oxytocin' queries,Medium on deficiency queries
singlecare.com,Drug pricing,Yes (oxytocin coupons),Dominates generic injectable price queries,Not a competitor for your clusters
drdavidwellness.com,Clinic store,Yes,Product page,Low
maximustribe.com,Telehealth (men's health),NOT FOUND for oxytocin,Earlier AI claimed a July 2026 oxytocin product; could not verify,Unknown
celiahealth.com,Telehealth (peptides),NOT FOUND for oxytocin,Earlier AI claimed Real Simple coverage Apr 2026; could not verify,Unknown
pepfinder / peptifact / getpru / jaycampbell / titan peptide lab / anthologyrx / nutree / newtropin,Various,NOT FOUND for oxytocin,Named by the earlier AI; none surfaced for oxytocin in this index,Unknown
