nct_id,title,sponsor,status_as_of_2026-10-06,key_dates,cluster,why_it_matters,source_checked
NCT06194851,Intranasal oxytocin augmentation of brief cognitive-behavioral conjoint therapy (bCBCT) for veterans with PTSD,VA San Diego Healthcare System (PI Leslie Morland),Recruiting; Phase 2; est. 240 participants (120 couples),Multi-year; completion previously reported as ~Sept 2028 (not re-verified today),Relationships,The single most important trial for the couples-therapy thesis; veteran self-administers oxytocin before each weekly session,clinicaltrials.gov via search index
NCT05207436,Brief CBCT for PTSD with adjunctive intranasal oxytocin (predecessor study),VA,Unknown from index; protocol v2 and SAP posted,—,Relationships,Earlier pilot of the same design; results would de-risk NCT06194851,clinicaltrials.gov via search index
NCT06808516,OxyPLEASURE: intranasal oxytocin on sexual well-being in AVP deficiency and healthy controls (crossover),University Hospital Basel,Recruiting,Primary completion Dec 2026,Deficiency / Sexual function,First controlled sexual-wellbeing trial in a defined oxytocin-deficient population; readout likely 2027,clinicaltrials.gov + pituitary.org.uk
NCT07361263,PHOENIX: plasma oxytocin / neurophysin-I response to oral estradiol valerate and ethinylestradiol in healthy controls and AVP deficiency,University Hospital Basel,Recruiting (first posted Jan 2026),Est. completion Feb 2027,Deficiency / Testing,Attempt to build a non-MDMA diagnostic stimulation test for oxytocin deficiency; direct catalyst for the testing cluster,clinicaltrials.gov + decentrialz + trialx
NCT07742124,OxyMENO: circulating oxytocin (via neurophysin-I) in postmenopausal vs premenopausal women,University Hospital Basel,Recruiting; started 20 Aug 2026,Est. completion 1 Sept 2027,Deficiency / Menopause,Newest oxytocin trial found; links menopause and oxytocin-deficiency storylines,clinicaltrials.gov + medpath mirror
NCT06460948,Identification of oxytocin deficiency in adults with pituitary disease (estrogen-progestin stimulation),Likely MGH group,Completed; last updated May 2026,Results pending,Deficiency / Testing,Completed study whose publication could define a deficiency test,clinicaltrials.gov via search index
NCT05319301,Identification and clinical relevance of an oxytocin-deficient state (melatonin study),MGH group,Unknown,—,Deficiency / Testing,Part of the same deficiency-definition program,clinicaltrials.gov via search index
NCT04902235,Identification and clinical relevance of an oxytocin-deficient state (CRH study),MGH group,Unknown,—,Deficiency / Testing,Part of the same deficiency-definition program,clinicaltrials.gov via search index
NCT07425938,Modulatory effects of oxytocin on emotional processing and its acting routes,University of Electronic Science and Technology of China,Recruiting; N=120 healthy men 18-30,Start 24 Jan 2026; primary completion est. Apr 2026,Delivery science,Mechanistic study of routes of action; feeds the nose-to-brain content cluster,clinicaltrials.gov + decentrialz
NCT06757517,Intranasal oxytocin for benzodiazepine withdrawal (16 IU x3/day for 21 days),Unknown,Completed as of Sept 2026,Results expected,Conditions (addiction),Completed and unreported; a publication would be a fresh news hook,clinicaltrials.gov via search index
NCT06364228,Intranasal oxytocin for dementia caregiver stress (12 IU vs 24 IU vs placebo for 21 days),Unknown,Ongoing; Phase 2,Est. completion May 2027,Conditions (stress),Caregiver-stress angle is uncovered by consumer content,clinicaltrials.gov + withpower
NCT06881810,Oxytocin as add-on to psychosocial treatment in schizophrenia-spectrum disorders,Unknown,Active not recruiting (Aug 2026); started Aug 2024,Readout plausible 2027,Conditions (psychiatry),Schizophrenia is the one psychiatric signal the 2026 meta-analysis flagged,clinicaltrials.gov via search index
NCT04903002,Intranasal oxytocin for chronic pain (24 IU vs 48 IU vs placebo),Memorial University of Newfoundland,Active not recruiting; updated Feb 2026,Readout pending,Conditions (pain),Pain is a sleeper indication with zero consumer coverage,clinicaltrials.gov + centerwatch
NCT04228289,Oxytocin to treat PTSD,VA Office of Research and Development,Completed; updated 11 Mar 2026,Results pending,Conditions (PTSD),Completed VA PTSD monotherapy trial; publication would be newsworthy,clinicaltrials.gov via search index
NCT06483659,Intravenous oxytocin for post-operative pain after minimally invasive hysterectomy,Brigham and Women's Hospital,Recruiting (verified Aug 2026),—,Conditions (pain),Shows oxytocin-for-pain is an active academic theme,clinicaltrials.gov via search index
NCT05664516,Intranasal oxytocin vs placebo in binge eating disorder (8 weeks),Unknown,Unknown,—,Conditions (eating / weight),Weight and eating remain a high-curiosity supporting topic,clinicaltrials.gov via search index
NCT03197662,Phase 2 intranasal oxytocin vs placebo for hyperphagia in Prader-Willi syndrome (N=50 age 5-17),Academic (FPWR-listed),Unknown,—,Pipeline (PWS),Context for TNX-2900 and the carbetocin failure,clinicaltrials.gov + fpwr.org
NCT04210310,High-dose oxytocin nasal spray for treatment of tinnitus,NYU Langone Health (PI Lawrence C. Newman),TERMINATED (PI departure); completed 10 May 2022; results submitted Aug 2022,Historical,Conditions (tinnitus),The only registered oxytocin-tinnitus trial; Newman is the inventor on the tinnitus patent now behind Biohaven's BHV-1955,clinicaltrials.gov via search index
